"","name","abc2.mcletters.Letters"
"1","1_1","ci"
"2","11cb6_11cb6","k"
"3","11cb7_11cb7","gj"
"4","11ct2_11ct2","j"
"5","13_13","kl"
"6","137_137","abcd"
"7","15_15","bcd"
"8","16_16","dh"
"9","181_181","efg"
"10","196_196","aei"
"11","1ab7_1ab7","fg"
"12","28_28","gm"
"13","29_29","di"
"14","3_3","o"
"15","30_30","bh"
"16","31_31","o"
"17","34_34","bcd"
"18","35_35","afn"
"19","39_39","cin"
"20","4_4","gj"
"21","43_43","af"
"22","45_45","o"
"23","5_5","di"
"24","52_52","gm"
"25","56_56","afn"
"26","6_6","o"
"27","66_66","o"
"28","69_69","bcd"
"29","70_70","gj"
"30","73_73","gj"
"31","75_75","hl"
"32","98_98","fm"
